{
  "IcoMoonType": "selection",
  "icons": [
    {
      "icon": {
        "paths": [
          "M512 0c282.857 0 512 229.143 512 512 0 281.143-228 512-512 512-283.429 0-512-230.286-512-512 0-282.857 229.143-512 512-512zM865.714 772c53.143-73.143 85.143-162.857 85.143-260 0-241.714-197.143-438.857-438.857-438.857s-438.857 197.143-438.857 438.857c0 97.143 32 186.857 85.143 260 20.571-102.286 70.286-186.857 174.857-186.857 46.286 45.143 109.143 73.143 178.857 73.143s132.571-28 178.857-73.143c104.571 0 154.286 84.571 174.857 186.857zM731.429 402.286c0-121.143-98.286-219.429-219.429-219.429s-219.429 98.286-219.429 219.429 98.286 219.429 219.429 219.429 219.429-98.286 219.429-219.429z"
        ],
        "attrs": [
          {}
        ],
        "isMulticolor": false,
        "isMulticolor2": false,
        "tags": [
          "user-circle-o"
        ],
        "grid": 14
      },
      "attrs": [
        {}
      ],
      "properties": {
        "order": 1,
        "id": 1,
        "prevSize": 28,
        "name": "user-circle-o"
      },
      "setIdx": 0,
      "setId": 2,
      "iconIdx": 0
    },
    {
      "icon": {
        "paths": [
          "M870.286 765.143c-14.857-106.857-58.286-201.714-155.429-214.857-50.286 54.857-122.857 89.714-202.857 89.714s-152.571-34.857-202.857-89.714c-97.143 13.143-140.571 108-155.429 214.857 79.429 112 210.286 185.714 358.286 185.714s278.857-73.714 358.286-185.714zM731.429 365.714c0-121.143-98.286-219.429-219.429-219.429s-219.429 98.286-219.429 219.429 98.286 219.429 219.429 219.429 219.429-98.286 219.429-219.429zM1024 512c0 281.714-228.571 512-512 512-282.857 0-512-229.714-512-512 0-282.857 229.143-512 512-512s512 229.143 512 512z"
        ],
        "attrs": [
          {}
        ],
        "isMulticolor": false,
        "isMulticolor2": false,
        "tags": [
          "user-circle"
        ],
        "grid": 14
      },
      "attrs": [
        {}
      ],
      "properties": {
        "order": 2,
        "id": 0,
        "prevSize": 28,
        "name": "user-circle"
      },
      "setIdx": 0,
      "setId": 2,
      "iconIdx": 1
    }
  ],
  "height": 1024,
  "preferences": {
    "showGlyphs": true,
    "showQuickUse": true,
    "showQuickUse2": true,
    "showSVGs": true,
    "fontPref": {
      "prefix": "icon-",
      "metadata": {
        "fontFamily": "icomoon"
      },
      "metrics": {
        "emSize": 1024,
        "baseline": 6.25,
        "whitespace": 50
      },
      "embed": false
    },
    "imagePref": {
      "prefix": "icon-",
      "png": true,
      "useClassSelector": true,
      "color": 0,
      "bgColor": 16777215,
      "classSelector": ".icon",
      "name": "icomoon"
    },
    "historySize": 50,
    "showCodes": true,
    "gridSize": 16
  }
}